[{"title": " \u3010\u8ba8\u8bba\u74dc\u5206ETH\u3011\u8fdb\u5165\u5e01\u5708\u540e\uff0c\u4f60\u7684\u751f\u6d3b\u53d1\u751f\u4e86\u4ec0\u4e48\u53d8\u5316 ...", "detail_url": "http://8btc.com/thread-238368-1-1.html"}, {"title": " \u3010\u5df4\u6bd4\u7279\u3011\u8bba\u575b\u7248\u89c4\uff1a\u65b0\u4eba\u8bf7\u770b\uff01- 2018.6.24\u66f4\u65b0", "detail_url": "http://8btc.com/thread-15508-1-1.html"}, {"title": " \u3010\u706b\u70ed\u62a5\u540d\u4e2d\u30112018 BGDC \u6bd4\u539f\u94fe\u5168\u7403\u5f00\u53d1\u8005\u5927\u4f1a", "detail_url": "http://8btc.com/thread-232157-1-1.html"}, {"title": " \u3010\u4f18\u60e0\u62a5\u540d\u30112018\u4e2d\u56fd DAPP \u5f00\u53d1\u8005\u5927\u4f1a[\u5317\u4eac]", "detail_url": "http://8btc.com/thread-228655-1-1.html"}, {"title": " CovenantSQL\u9996\u5e2d\u7814\u7a76\u5458\uff1a\u533a\u5757\u94fe\u6570\u636e\u5b58\u50a8\u4e0e\u68c0\u7d22\u7684\u673a\u9047 ...", "detail_url": "http://8btc.com/thread-239847-1-1.html"}, {"title": " 37 RMB\u8d2d\u51655000\u4e2aEos  \u6c42\u5927\u795e\u6307\u5bfc", "detail_url": "http://8btc.com/thread-239218-1-1.html"}, {"title": " 2018\u5e74\u5230\u5e95\u662f\u4ec0\u4e48\u5e74\uff1f", "detail_url": "http://8btc.com/thread-239975-1-1.html"}, {"title": " \u4eca\u5e74\u5e74\u5e95\u524d\u6bd4\u7279\u5e01\u4ef7\u683c\u6da8\u4e0d\u52305\u4e07\u7f8e\u91d1\u4e00\u679a\uff0c100\u697c\u5185\u6bcf\u4eba ...", "detail_url": "http://8btc.com/thread-239972-1-1.html"}, {"title": " \u8bf7\u6bd4\u539f\u6301\u6709\u8005\u652f\u6301\u4e00\u4e0b", "detail_url": "http://8btc.com/thread-239954-1-1.html"}, {"title": " \u5e01\u5708\u80fd\u62bd\u8eab\u5c31\u8d70\u5427", "detail_url": "http://8btc.com/thread-239968-1-1.html"}, {"title": " eos\u603b\u91cf\u662f\u591a\u5c11\u554a\uff1f", "detail_url": "http://8btc.com/thread-239976-1-1.html"}, {"title": " 96\u5e74\u751f    17\u5e74\u5165\u573a\uff0821\uff09   \u524d\u540e\u6295\u51654\u4e076", "detail_url": "http://8btc.com/thread-231406-1-1.html"}, {"title": " \u4e09\u5e74\u5185\u5982\u679c\u6bd4\u7279\u5e01\u4ef7\u683c\u8d85\u8fc7100\u4e07\u7f8e\u91d1\uff0c1000\u697c\u4ee5\u5185\u4e00\u4eba ...", "detail_url": "http://8btc.com/thread-233763-1-1.html"}, {"title": " \u6bd4\u7279\u5e01\u7684\u4e0a\u7ebf\u80fd\u4e0d\u80fd\u88ab\u4fee\u6539", "detail_url": "http://8btc.com/thread-239669-1-1.html"}, {"title": " \u65b0\u4e00\u8f6e\u4e0b\u8dcc\u5f00\u59cb\u4e86", "detail_url": "http://8btc.com/thread-239891-1-1.html"}, {"title": " \u6885\u51bb\u4e3b\u533a\u5757\u94fe\u6295\u8d44\u8bd5\u9a8c\uff1a\u4e00\u8d77\u5b9e\u73b0\u5343\u4e07\u76c8\u5229\uff01", "detail_url": "http://8btc.com/thread-130397-1-1.html"}, {"title": " 17\u5e74\u7684\u6da8\u5e45\u90fd\u662f\u6bdb\u6bdb\u96e8", "detail_url": "http://8btc.com/thread-239962-1-1.html"}, {"title": " \u5173\u4e8eEOS\uff0c\u6211\u5c31\u8bf4\u4e00\u53e5", "detail_url": "http://8btc.com/thread-231246-1-1.html"}, {"title": " \u3010\u98ce\u9669\u63d0\u793a \u9644\u804a\u5929\u8bb0\u5f55\u3011\u8fdc\u79bb\u5e01\u864eCointiger.pro\u5e73\u53f0\uff0c ...", "detail_url": "http://8btc.com/thread-235902-1-1.html"}, {"title": " \u575a\u6301\u4f5b\u7cfb20\u5e74\uff0c2018\u5e7410\u670815\u65e5\u5f00\u59cb\u3002", "detail_url": "http://8btc.com/thread-238886-1-1.html"}, {"title": " \u7a81\u53d1\u5947\u60f3\uff0c\u6211\u7684\u5343\u5143\u5230\u767e\u4e07\u8ba1\u5212", "detail_url": "http://8btc.com/thread-233618-1-1.html"}, {"title": " BCH\u7684\u6269\u5bb9\uff0c\u771f\u7684\u80fd\u957f\u4e45\u5417\uff1f", "detail_url": "http://8btc.com/thread-228375-1-1.html"}, {"title": " OKB\uff0cHT\u7b49\u5e73\u53f0\u5e01\uff0c\u67d0\u65e5\uff0c\u5c06\u5f00\u653e\u5168\u7403\u53ef\u6d41\u901a\uff0c", "detail_url": "http://8btc.com/thread-239974-1-1.html"}, {"title": " \u4ee5\u592a\u7ecf\u5178ETC\u5e94\u8be5\u6539\u540d\u5b57\u5417\uff1f\u65b0\u4e00\u4ee3ETC\u5b75\u5316\u5e73\u53f0\u5373\u5c06\u4eae\u76f8", "detail_url": "http://8btc.com/thread-239400-1-1.html"}, {"title": " \u3010Cobra\uff1a\u4e0d\u53ef\u907f\u514dBTC\u5f88\u5feb\u5c06\u53d6\u4ee3\u7f8e\u5143\u6210\u4e3a\u4e16\u754c\u50a8\u5907\u8d27\u5e01 ...", "detail_url": "http://8btc.com/thread-239104-1-1.html"}, {"title": " \u6211\u5728\u6bd4\u7279\u6d3e\u5f00\u901a\u4e86\u4e00\u4e2aeos\u8d26\u6237\uff0c\u5982\u679c\u628a\u5e01\u8f6c\u8fdb\u53bb\uff0c\u8fd8\u9700 ...", "detail_url": "http://8btc.com/thread-239946-1-1.html"}, {"title": " \u516b\u4e5d\u5341\u8fd9\u4e09\u4e2a\u6708\uff0c\u5c71\u5be8\u5e01\u597d\u591a\u7ffb\u500d\u4e86\uff0c\u5927\u5bb6\u8d5a\u5230\u94b1\u4e86\u4e48", "detail_url": "http://8btc.com/thread-239919-1-1.html"}, {"title": " \u82b1\u4e868\u4e2a\u5c0f\u65f6\uff0c\u76d8\u70b9\u4e86\u4e00\u4e0b\u5e01\u5b89\u4e0a146\u4e2a\u5e01\u79cd\u6700\u8fd1\u4e09\u4e2a\u6708\u7684 ...", "detail_url": "http://8btc.com/thread-239943-1-1.html"}, {"title": " \u6709\u4ec0\u4e48\u7406\u7531\u5927\u91cf\u6301\u6709BTC?", "detail_url": "http://8btc.com/thread-239285-1-1.html"}, {"title": " \u534a\u6708\uff0c\u6bd4\u7279\u5e01\u6b65\u5165\u4e0a\u884c\uff0c7000\u4ee5\u4e0a\uff0c", "detail_url": "http://8btc.com/thread-239955-1-1.html"}, {"title": " \u6211\u611f\u89c9\u771f\u7684\u662f\u8981\u7ad9\u77ed\u7ebf\u66f4\u8d5a\u4e86\u3002\u3002\u3002", "detail_url": "http://8btc.com/thread-238053-1-1.html"}, {"title": " \u4e0d\u4e70\u4e86\u4e0d\u4e70\u4e86", "detail_url": "http://8btc.com/thread-239903-1-1.html"}, {"title": " \u4e07\u5723\u8282\u4e28\u6363\u86cb\u4e0d\u5982\u73a9\u6e38\u620f\uff0c\u73a9\u6e38\u620f\u5c31\u9001ACT", "detail_url": "http://8btc.com/thread-239606-1-1.html"}, {"title": " \u6052\u661f\u8981\u51c9\u4e86\u5417", "detail_url": "http://8btc.com/thread-239956-1-1.html"}, {"title": " \u6211\u6709\u4e24\u767e\u591a\u4e07\u4e2acet", "detail_url": "http://8btc.com/thread-239815-1-1.html"}, {"title": " \u6211\u5076\u7136\u4ece\u7f51\u4e0a\u5f97\u77e5\u4e00\u4e2a\u5173\u4e8e\u533a\u5757\u94fe\u7684\u4f8b\u5b50\uff0c\u4ece\u5176\u4ed6\u4f5c\u8005\u4e2d ...", "detail_url": "http://8btc.com/thread-239874-1-1.html"}, {"title": " \u3010\u7a7a\u6295\u3011QTB\u4e0a\u7ebf\u72c2\u6b22\uff0c\u591a\u91cd\u8c6a\u793c\u9001\u4e0d\u505c", "detail_url": "http://8btc.com/thread-238183-1-1.html"}, {"title": " \u3010\u5feb\u5e01\u6d4f\u89c8\u5668\u3011CXE\u3001ADCHAIN\u514d\u8d39\u53d1\u653e\uff0c\u5747\u53ef\u5728\u7ebf\u4ea4\u6613\u54e6 ...", "detail_url": "http://8btc.com/thread-237351-1-1.html"}, {"title": " \u3010BTWin\u3011\u6700\u5927\u798f\u5229\u6765\u4e34\uff01\u6ce8\u518c\u9001\uff01\u5b9e\u540d\u9001\uff01\u5145\u503c\u9001\uff01\u4ea4 ...", "detail_url": "http://8btc.com/thread-236250-1-1.html"}, {"title": " \u3010\u7a7a\u6295\u3011Nuts Block\u8d44\u8baf\u677f\u5757\u4e0a\u7ebf\uff01\u56de\u5e16\u3001\u6ce8\u518c\u90fd\u9001\u5e01\uff0c ...", "detail_url": "http://8btc.com/thread-235912-1-1.html"}, {"title": " \u533a\u5757\u94fe\u5468\u62a5\uff1a\u4ece\u4e5d\u4e2a\u7ef4\u5ea6\uff0c\u5206\u6790\u6570\u5b57\u8d27\u5e01\u53d1\u5c55\u8d8b\u52bf", "detail_url": "http://8btc.com/thread-239776-1-1.html"}, {"title": " V\u795e\u548c\u4e2d\u672c\u806a\uff0c\u5c31\u50cf\u6768\u8fc7\u548c\u9ec4\u836f\u5e08", "detail_url": "http://8btc.com/thread-239953-1-1.html"}]