[{"name": " \u3010\u8ba8\u8bba\u74dc\u5206ETH\u3011\u8fdb\u5165\u5e01\u5708\u540e\uff0c\u4f60\u7684\u751f\u6d3b\u53d1\u751f\u4e86\u4ec0\u4e48\u53d8\u5316 ...", "url": "http://8btc.com/thread-238368-1-1.html"}, {"name": " 2019\u94fe\u63a5\u672a\u6765\u5df4\u6bd4\u7279\u9ad8\u6821\u884c-\u6d59\u5927\u7ad9[\u676d\u5dde]", "url": "http://8btc.com/thread-238720-1-1.html"}, {"name": " \u3010\u5df4\u6bd4\u7279\u3011\u8bba\u575b\u7248\u89c4\uff1a\u65b0\u4eba\u8bf7\u770b\uff01- 2018.6.24\u66f4\u65b0", "url": "http://8btc.com/thread-15508-1-1.html"}, {"name": " \u667a\u80fd\u4e4b\u7ea6 \u94fe\u52a8\u672a\u6765\u2015\u6bd4\u539f\u94fe\u5168\u7403\u5f00\u53d1\u8005\u5927\u4f1a", "url": "http://8btc.com/thread-232157-1-1.html"}, {"name": " \u5bd2\u51ac\u79cb\u5165\u00a0MATpool\u6e29\u6696\u5b63  \u5341\u6708\u793c\u732e", "url": "http://8btc.com/thread-233776-1-1.html"}, {"name": " \u3010\u4f18\u60e0\u62a5\u540d\u30112018\u4e2d\u56fd DAPP \u5f00\u53d1\u8005\u5927\u4f1a[\u5317\u4eac]", "url": "http://8btc.com/thread-228655-1-1.html"}, {"name": " \u6765\u6765\u6765\u770b\u770b\u6211\u7684\u5df4\u6bd4\u7279\u6c34\u676f\u5b50", "url": "http://8btc.com/thread-239177-1-1.html"}, {"name": " \u73b0\u572811\u4e2a\u4eba\u901b\u8bba\u575b \u5feb\u5230\u5e95\u4e86", "url": "http://8btc.com/thread-239023-1-1.html"}, {"name": " \u5176\u5b9e13\u5e74\u5230\u73b0\u5728 99%\u7684\u4eba\u6ca1\u62ff\u4f4f\u6bd4\u7279\u5e01", "url": "http://8btc.com/thread-239172-1-1.html"}, {"name": " \u4f60\u770b\u4e0d\u89c1\u672a\u6765\u7684\u533a\u5757\u94fe\uff0c\u5176\u5b9e\u5f88\u7b80\u5355\uff01", "url": "http://8btc.com/thread-239180-1-1.html"}, {"name": " \u73b0\u9636\u6bb5\uff0c\u6570\u5b57\u8d27\u5e01\u53ea\u6709\u8fd9\u4ef6\u4e8b\u60c5\u662f\u6709\u9ad8\u4ef7\u503c\u7684", "url": "http://8btc.com/thread-232383-1-1.html"}, {"name": " \u73b0\u5728\u5df2\u7ecf\u662f\u6df1\u718a\u7684\u5f00\u59cb\uff0c\u6625\u5929\uff1f\u73b0\u5728\u53ea\u662f\u665a\u79cb", "url": "http://8btc.com/thread-239179-1-1.html"}, {"name": " \u533a\u5757\u94fe\u884c\u4e1a\u7684\u4e09\u6ce2\u6d6a\u6f6e\uff08\u8c2d\u54f2\u6e05\uff09", "url": "http://8btc.com/thread-239166-1-1.html"}, {"name": " \u597d\u50cf\u7b2c\u4e00\u6b21\u770b\u5230ETH\u8bf4\u4e0d\u5835\u7684", "url": "http://8btc.com/thread-239160-1-1.html"}, {"name": " \u6570\u5b57\u8d27\u5e01\u5e02\u573a\u6700\u5f3a\u6280\u672f\u5206\u6790\u5728\u6b64\u2015\u2015\u80a1\u5e02\u64cd\u76d8\u624b\u5e26\u4f60\u73a9\u8f6c ...", "url": "http://8btc.com/thread-214507-1-1.html"}, {"name": " \u9876\u5cf0\u5165\u5e0222\u4e07\uff0c\u4e8f\u4e8618\u4e07", "url": "http://8btc.com/thread-239153-1-1.html"}, {"name": " \u4e3b\u6d41\u5e01\u7cbe\u51c6\u9884\u6d4b", "url": "http://8btc.com/thread-237350-1-1.html"}, {"name": " \u3010\u98ce\u9669\u63d0\u793a \u9644\u804a\u5929\u8bb0\u5f55\u3011\u8fdc\u79bb\u5e01\u864eCointiger.pro\u5e73\u53f0\uff0c ...", "url": "http://8btc.com/thread-235902-1-1.html"}, {"name": " 17\u5e74\u5165\u5e01\u5708\u7684\u4f60\uff0c\u90fd\u8d5a\u4e86\u591a\u5c11\uff1f", "url": "http://8btc.com/thread-233578-1-1.html"}, {"name": " FT\u516c\u94fe\u5168\u7403\u9996\u4e2a\u901a\u8bc1\u7ecf\u6d4e\u57fa\u7840\u8bbe\u65bd/\u533a\u5757\u94fe4.0/\u5185\u6709\u5ba3\u4f20 ...", "url": "http://8btc.com/thread-231824-1-1.html"}, {"name": " \u6bd4\u7279\u5e01\u4ee5\u524d\u662f\u9ed1\u5e02\u94fe\uff0c\u4ee5\u592a\u574a\u4ee5\u524d\u662f\u4f20\u9500\u94fe\uff0cEOS\u73b0\u5728\u662f ...", "url": "http://8btc.com/thread-239116-1-1.html"}, {"name": " \u4e09\u5e74\u5185\u5982\u679c\u6bd4\u7279\u5e01\u4ef7\u683c\u8d85\u8fc7100\u4e07\u7f8e\u91d1\uff0c1000\u697c\u4ee5\u5185\u4e00\u4eba ...", "url": "http://8btc.com/thread-233763-1-1.html"}, {"name": " \u5468\u7ebf\u770b\u8fd9\u6b21\u6a2a\u76d8\u65f6\u95f4\u5f88\u957f\u4e86\uff0c\u8001\u624b\u9ebb\u70e6\u56de\u7b54\u4e0a\u6b21\u51fa\u73b0\u8fd9\u79cd ...", "url": "http://8btc.com/thread-239178-1-1.html"}, {"name": " HC\u8d85\u7ea7\u73b0\u91d1\u5f53\u521d\u662f\u591a\u706b", "url": "http://8btc.com/thread-239171-1-1.html"}, {"name": " \u8bf7\u957f\u603b\u8fc7\u6765\u770b\u4e00\u4e0b\uff01\u8001\u94c1\u6709\u8bdd\u8bf4\u3002", "url": "http://8btc.com/thread-230803-1-1.html"}, {"name": " 00\u540e\u53d1\u8868\u4e00\u6ce2\u610f\u89c1", "url": "http://8btc.com/thread-239165-1-1.html"}, {"name": " Fcoin \u5f20\u672c\u806a\uff1a\u738b\u8005\u5f52\u6765\uff0c\u91cd\u542f\u65b0\u6316\u77ff\uff0c\u4eca\u65e5\u76f4\u64ad!!", "url": "http://8btc.com/thread-239110-1-1.html"}, {"name": " \u5199\u5728cx\u8d22\u56e2\u5d29\u6e83\u540e", "url": "http://8btc.com/thread-238386-1-1.html"}, {"name": " \u770b\u4e86\u770b\u6bd4\u539f\u8bba\u575b\uff0c\u4e0a\u9762\u7684\u5e16\u5b50\u57fa\u672c\u90fd\u662f\u65b0\u97ed\u83dc\uff0c\u6709\u4e9b\u6124\u6012", "url": "http://8btc.com/thread-239084-1-1.html"}, {"name": " \u5b69\u5b50\u4eca\u5e74\u5f00\u5b66\u5df2\u7ecf\u4e0a\u5c0f\u5b66\u4e94\u5e74\u7ea7\u4e86\uff0c\u73b0\u5728\u62a5\u8bfe\u5916\u73ed\u5b66\u533a\u5757 ...", "url": "http://8btc.com/thread-234374-1-1.html"}, {"name": " \u6885\u51bb\u4e3b\u533a\u5757\u94fe\u6295\u8d44\u8bd5\u9a8c\uff1a\u4e00\u8d77\u5b9e\u73b0\u5343\u4e07\u76c8\u5229\uff01", "url": "http://8btc.com/thread-130397-1-1.html"}, {"name": " \u5927\u5bb6\u8c08\u8c08\u6bd4\u539f\u94fe", "url": "http://8btc.com/thread-239136-1-1.html"}, {"name": " \u5c0f\u8d34\u58eb:\u767d\u76ae\u4e66", "url": "http://8btc.com/thread-239175-1-1.html"}, {"name": " \u4e00\u51e1\u8c08\u5e01\uff1a\u884c\u60c5\u4e00\u76f4\u6309\u7740\u5267\u672c\u8d70\uff01\uff0820181028\u884c\u60c5\u5206\u6790\uff09", "url": "http://8btc.com/thread-239174-1-1.html"}, {"name": " \u7ecf\u8fc7\u8ba1\u7b97 \u73b0\u5728\u4ef7\u683c\u5728\u5e73\u5747\u6210\u672c\u4e4b\u4e0b", "url": "http://8btc.com/thread-239146-1-1.html"}, {"name": " \u533a\u5757\u94fe\u8bf4\uff1a\u6eda\uff0c\u6211\u5988\u4e0d\u8ba9\u6211\u548c\u50bb\u5b50\u73a9", "url": "http://8btc.com/thread-239032-1-1.html"}, {"name": " \u533a\u5757\u94fe\u9999\u70df", "url": "http://8btc.com/thread-232188-1-1.html"}, {"name": " \u5b89\u5c11\uff1aBithumb\u53c8\u641e\u4e8b\u60c5\u4e86\uff01", "url": "http://8btc.com/thread-239139-1-1.html"}, {"name": " \u5b66\u4e60\u662f\u6210\u957f\u6700\u597d\u7684\u6b66\u5668", "url": "http://8btc.com/thread-239173-1-1.html"}, {"name": " \u54ea\u91cc\u53ef\u4ee5\u8ffd\u8e2abtm\u7684\u8fdb\u5c55", "url": "http://8btc.com/thread-238930-1-1.html"}, {"name": " \u6570\u5b57\u8d27\u5e01\u53ef\u4ee5\u6295\u8d44\u4e86\u6ca1\uff1f", "url": "http://8btc.com/thread-238927-1-1.html"}, {"name": " ", "url": "http://8btc.com/thread-239134-1-1.html"}, {"name": " \u6700\u8fd1\u6709\u4ec0\u4e48\u533a\u5757\u94fe\u7684\u91cd\u5927\u6d88\u606f\u5417\uff1f", "url": "http://8btc.com/thread-239170-1-2.html"}, {"name": " \u8bdd\u4e0d\u591a\u8bf4\uff0cbtm5\u52308\u6bdb\u624d\u662f\u817e\u98de\u7684\u8d77\u70b9\uff0c\u5e76\u4e14\u5f88\u5feb\u5c06\u6765\u4e34", "url": "http://8btc.com/thread-239167-1-2.html"}, {"name": " \u5404\u4f4d\u8001\u6c34\u624b.\u7f8e\u56fdETF\uff08\u4ea4\u6613\u578b\u57fa\u91d1\uff09\u5927\u6982\u8fd8\u8981\u591a\u4e45\u83b7\u6279\uff1f", "url": "http://8btc.com/thread-239161-1-2.html"}, {"name": " \u8fd9\u5c31\u662f\u6211\u6e05\u4ed3\u7684\u7406\u7531", "url": "http://8btc.com/thread-239125-1-2.html"}, {"name": " \u5b89\u5c11\uff1a\u4ed6\u82b1\u4e862\u4e07\u4e2aEOS\uff0c\u4e70\u4e00\u4e2a\u8d26\u6237\u540d\uff01", "url": "http://8btc.com/thread-239152-1-2.html"}, {"name": " \u611f\u89c9\u4eca\u5e7412\u6708\u4efd\u5927\u997c\u8981\u7a81\u78344\u4e07\u7f8e\u5200\uff01", "url": "http://8btc.com/thread-238003-1-2.html"}, {"name": " \u4e70btm\u7684\u8fd9\u4e8c\u5929\u4ec0\u4e48\u611f\u53d7\uff1f", "url": "http://8btc.com/thread-239112-1-2.html"}, {"name": " \u3010\u7a7a\u6295\u3011Nuts Block\u8d44\u8baf\u677f\u5757\u4e0a\u7ebf\uff01\u56de\u5e16\u3001\u6ce8\u518c\u90fd\u9001\u5e01\uff0c ...", "url": "http://8btc.com/thread-235912-1-2.html"}, {"name": " \u9884\u8c0b\uff1f\uff5c\u4ee5\u592a\u574a\u4e0a\u7684\u7a33\u5b9a\u7248\u6bd4\u7279\u5e01\uff08WBTC\uff09\uff0cBitGo\u6709\u4efd ...", "url": "http://8btc.com/thread-239164-1-2.html"}, {"name": " BCH\u8fd8\u80fd\u4e0d\u80fd\u8d77\u98de\u4e86\uff1f", "url": "http://8btc.com/thread-239163-1-2.html"}, {"name": " \u66f2\u632f\u521a\u533a\u5757\u94fe\u6295\u8d44\u65e5\u8bb0\u7b2c\u4e00\u90e8\uff1a\u7406\u60f3\u662f\u8eba\u7740\u8d5a\u94b1", "url": "http://8btc.com/thread-93695-1-2.html"}, {"name": " \u8fd9\u91cf\uff0c\u5df2\u7ecf\u4f4e\u5230\u5730\u677f\u4e0a\u4e86", "url": "http://8btc.com/thread-239109-1-2.html"}, {"name": " \u4e09\u5e74\u534a\u4e86\u6211\u8fd8\u662f\u6ca1\u6709\u8d5a\u5230\u94b1", "url": "http://8btc.com/thread-55203-1-2.html"}, {"name": " \u6a2a\u4e45\u5fc5\u8dcc\uff0c\u662f\u6c38\u6052\u4e0d\u53d8\u7684\u771f\u7406", "url": "http://8btc.com/thread-239113-1-2.html"}, {"name": " \u6bd4\u7279\u5e0110\u5929\u4e4b\u5185\u8170\u65a9\uff0c\u7acb\u8d34\u4e3a\u8bc1", "url": "http://8btc.com/thread-232228-1-2.html"}, {"name": " \u725b\u5e02\u6765\u4e86\u5417\uff1f\u662f\u53cd\u5f39\u800c\u4e0d\u662f\u725b\u5e02\u76844\u4e2a\u539f\u56e0", "url": "http://8btc.com/thread-162484-1-2.html"}, {"name": " \u6211\u5ffd\u7136\u6709\u4e2a\u5927\u80c6\u7684\u60f3\u6cd5\u3002", "url": "http://8btc.com/thread-239061-1-2.html"}, {"name": " \u6bd4\u7279\u5e01\u6491\u4e0d\u4f4f\u4e86 \u8fd92\u5929\u5fc5\u5927\u8dcc\u554a", "url": "http://8btc.com/thread-239149-1-2.html"}, {"name": " 1.2\u4e70\u4e8630w\u4e2aADA\uff0c\u51c9\u51c9\u6708\u8272", "url": "http://8btc.com/thread-198298-1-2.html"}, {"name": " \u73a9\u5b8c\u4e86\uff0c\u4e0d\u641e\u4e86\uff0c", "url": "http://8btc.com/thread-239039-1-2.html"}, {"name": " \u575a\u6301\u4f5b\u7cfb20\u5e74\uff0c2018\u5e7410\u670815\u65e5\u5f00\u59cb\u3002", "url": "http://8btc.com/thread-238886-1-2.html"}, {"name": " \u535a\u5f69DApp\u865a\u5047\u7e41\u8363\u80cc\u540e\u7684EOS", "url": "http://8btc.com/thread-238595-1-2.html"}, {"name": " \u4e0b\u5348\u573a\u5916\u884c\u60c5", "url": "http://8btc.com/thread-239157-1-2.html"}, {"name": " \u94b1\u5305\u5206\u51e0\u79cd\uff0c\u54ea\u79cd\u6700\u5b89\u5168", "url": "http://8btc.com/thread-239128-1-2.html"}, {"name": " \u4e3a\u4f55zb\u7684otc\u5e02\u573aqc\u4ef7\u683c\u575a\u633a\u597d\u51e0\u5929\u4e86", "url": "http://8btc.com/thread-238815-1-2.html"}, {"name": " \u5c0f\u767d\u7fa4\uff0c\u5927\u795e\u5b83\u5904\u9ad8\u5c31!", "url": "http://8btc.com/thread-233582-1-2.html"}, {"name": " \u6709\u591a\u5c11\u8001\u97ed\u83dc\uff0c\u94c1\u5934\u97ed\u83dc\uff1f", "url": "http://8btc.com/thread-239156-1-2.html"}, {"name": " \u81f3\u4eca\u6ca1\u8d70\u7684\uff0c\u90fd\u662f\u88ab\u5272\u7684\u8001\u97ed\u83dc", "url": "http://8btc.com/thread-239115-1-2.html"}, {"name": " zb\u51c6\u5907\u6da8\u4e86\u5417\uff1f", "url": "http://8btc.com/thread-239155-1-2.html"}, {"name": " \u8bf4\u51cf\u534a\u66b4\u6da8\u7684\u662f\u6700\u597d\u7684\u667a\u5546\u68c0\u6d4b", "url": "http://8btc.com/thread-239106-1-2.html"}, {"name": " xrp\u548b\u6837\u554a\uff1f\u6709\u8001\u94c1\u641e\u5417", "url": "http://8btc.com/thread-239154-1-2.html"}, {"name": " \u6bd4\u7279\u6d3e\u94b1\u5305", "url": "http://8btc.com/thread-226031-1-2.html"}, {"name": " \u5ba2\u89c2\u89e3\u8bfb\u6bd4\u7279\u5e01", "url": "http://8btc.com/thread-239141-1-2.html"}, {"name": " \u3010\u4e2d\u5956\u540d\u5355\u3011 \u6bd4\u539f\u94fe x \u5df4\u6bd4\u7279\u6280\u672f\u793e\u533a\u30fb\u77e5\u8bc6\u95ee\u7b54\u7ade\u8d5b", "url": "http://8btc.com/thread-234146-1-2.html"}, {"name": " \u4ec0\u4e48\u662f\u6bd4\u7279\u5e01\uff1f", "url": "http://8btc.com/thread-239143-1-2.html"}, {"name": " \u5173\u4e8e\u6bd4\u7279\u5e01\u73b0\u91d1\u7684\u4e00\u4e9b\u8bef\u533a", "url": "http://8btc.com/thread-239142-1-2.html"}, {"name": " \u8c01\u7b11\u5230\u6700\u540e\uff0c\u8c01\u5c31\u7b11\u5f97\u6700\u597d\uff01", "url": "http://8btc.com/thread-239144-1-2.html"}, {"name": " \u8bf7\u6ce8\u610f#\u73b0\u5728\u662f\u718a\u5e02_\u52ff\u6284\u5e95", "url": "http://8btc.com/thread-220855-1-2.html"}, {"name": " \u4e00\u5929\u8dcc1\u4e2a\u70b9\uff0c\u5230\u5e74\u5e95\u6ca1\u4eba\u80fd\u625b\u4f4f", "url": "http://8btc.com/thread-239121-1-3.html"}, {"name": " \u3010\u5e01\u54e5\u6c5f\u6e56\u3011\u795e\u9884\u6d4b\uff01\u6bcf\u65e5\u884c\u60c5\u3001\u4ef7\u503c\u6301\u4ed3\u3001\u6df1\u5ea6\u5206\u6790! ...", "url": "http://8btc.com/thread-198395-1-3.html"}, {"name": " \u9ad8\u8ffd110%\u4e70\u5165\u3002\u3002\u3002", "url": "http://8btc.com/thread-239122-1-3.html"}, {"name": " \u505a\u81ea\u5df1\u8ba4\u4e3a\u5bf9\u7684\u4e8b\u513f\uff0c\u5982\u5927\u5e01\u79cd\u6295\u8d44\uff0c\u6162\u6162\u653e\u4e0b\u8f93\u8d62\u548c\u8ba1 ...", "url": "http://8btc.com/thread-239126-1-3.html"}, {"name": " 2013\u5e74\u6bd4\u7279\u5e01\u7684\u76ee\u6807\u662f\u4e00\u76ce\u53f8\u9ec4\u91d1\u30022017\u5e74\u6bd4\u7279\u5e01\u7684\u76ee\u6807 ...", "url": "http://8btc.com/thread-65990-1-3.html"}, {"name": " 10\u670828\u65e5\u6301\u4ed3100\u4e07FT\u7b2c\u4e09\u5341\u56db\u5929", "url": "http://8btc.com/thread-239132-1-3.html"}, {"name": " \u6295\u8d44\u662f\u8ba4\u77e5\u5957\u73b0", "url": "http://8btc.com/thread-239138-1-3.html"}, {"name": " \u8010\u78e8\u7684\u884c\u60c5", "url": "http://8btc.com/thread-237841-1-3.html"}, {"name": " \u8001\u6c34\u624b\u8bf4\u7f8e\u51433\u5e74\u5185\u5d29\u6e83\uff0c\u6211\u505a\u53cd\u624b\uff0c3\u5e74\u5185\u5982\u679c\u5d29\u6e83\uff0c\u6bcf ...", "url": "http://8btc.com/thread-233717-1-3.html"}, {"name": " \u4f60\u4eec\u89c9\u5f97\u8fd9\u8f6e\u718a\u5e02\u8fd8\u8981\u6301\u7eed\u591a\u4e45\uff1f", "url": "http://8btc.com/thread-230041-1-3.html"}, {"name": " \u6240\u6709\u88abcoinex\u5751\u63d0\u73b0\u7684\u4eba\u90fd\u6765\u7ef4\u6743\u7fa4", "url": "http://8btc.com/thread-239077-1-3.html"}, {"name": " \u6211\u8bf4\u8bf4\u81ea\u5df1\u6301\u6709\u6bd4\u7279\u5e01\u7684\u539f\u56e0", "url": "http://8btc.com/thread-239135-1-3.html"}, {"name": " \u5927\u91cf\u6536\u6bd4\u7279\u5e01\uff0c\u8d70\u573a\u5916", "url": "http://8btc.com/thread-238001-1-3.html"}, {"name": " \u4f60\u4e3a\u4ec0\u4e48\u8981\u6301\u6709\u6bd4\u7279\u5e01\uff1f", "url": "http://8btc.com/thread-239118-1-3.html"}, {"name": " \u65e0\u9650\u5e01\u4f5c\u8005\u7ec8\u4e8e\u51fa\u73b0\u5728\u521b\u4e16\u8d34\u4e0a", "url": "http://8btc.com/thread-235852-1-3.html"}, {"name": " \u706b\u5e01\u7f51\u7684\u6bd4\u7279\u5e01\u671f\u8d27\u636e\u8bf4\u8981\u63a8\u51fa\u6765\u4e86", "url": "http://8btc.com/thread-239103-1-3.html"}, {"name": " 2018\u5e7410\u670815\u65e5\u5f00\u59cb\u73a9\u5e01\u30024\u4e07\u591a\u672c\u91d1\uff0c\u76ee\u524d\u63237000\u5757\u3002", "url": "http://8btc.com/thread-239117-1-3.html"}, {"name": " \u4e0d\u662f\u8bf4\u6ca1\u884c\u60c5\uff0c\u8fd9\u79cd\u5e02\u573a\u662f\u7f3a\u4e4f\u53d1\u73b0\u673a\u4f1a\u7684\u773c\u775b\u2026\u2026", "url": "http://8btc.com/thread-236940-1-3.html"}, {"name": " 2018.10.28\u884c\u60c5\u5206\u6790\uff08BITMEX\u4e0aBTC\u3001ETH\u5408\u7ea6\uff09", "url": "http://8btc.com/thread-239131-1-3.html"}, {"name": " CoinEX\u8fd9\u4e2a\u4ea4\u6613\u6240\u5df2\u7ecf\u5b8c\u86cb\u4e86", "url": "http://8btc.com/thread-238479-1-3.html"}, {"name": " \u6700\u8fd1\u51fa\u4e86\u597d\u51e0\u4e2a\u7a33\u5b9a\u5e01\uff0c\u628a\u884c\u60c5\u90fd\u641e\u5f97\u76f8\u5f53\u7a33\u5b9a\uff01", "url": "http://8btc.com/thread-239100-1-3.html"}, {"name": " \u8fd8\u6709\u4eba\u5417\uff0c\u6709\u591a\u5c11\u5272\u8089\u4e86", "url": "http://8btc.com/thread-232434-1-3.html"}, {"name": " \u58f9\u6b65\u8d44\u672c\u521b\u59cb\u4ebaVincent\u53d7\u9080\u53c2\u52a0\u7845\u8c37\u9ad8\u521b\u4f1a:STO\u7684\u5173\u952e ...", "url": "http://8btc.com/thread-239127-1-3.html"}, {"name": " ACT5\u671f \u4e8e10\u670812\u65e515:30\u4e0a\u7ebfKcash\u9501\u4ed3\u5b9d", "url": "http://8btc.com/thread-233516-1-3.html"}, {"name": " 2018-2020\uff0c\u6301\u6709act 2\u5e74\uff0c\u6bcf\u6708\u6c47\u62a5\uff0c\u575a\u6301~~", "url": "http://8btc.com/thread-234634-1-3.html"}, {"name": " \u5b89\u5c11\uff1a\u4eca\u65e5\u884c\u60c5", "url": "http://8btc.com/thread-239129-1-3.html"}, {"name": " \u641e\u6b7b\u674e\u7b11\u6765\uff0c\u7acb\u8a00\u4e3a\u8bc1", "url": "http://8btc.com/thread-238826-1-3.html"}, {"name": " \u3010\u5df2\u53d1\u5956\u301190000 cosm\u75af\u72c2\u6d3e\u53d1\uff01\u5165\u7fa4/\u56de\u5e16\u8d60\u5e01\uff01", "url": "http://8btc.com/thread-217857-1-3.html"}, {"name": " \u5e01\u5708\u6ca1\u529e\u6cd5\u73a9\u4e86\uff0c4.6\u4e07\u672c\u91d1\uff0c\u73b0\u5728\u624d\u8d5a7\u5343\u3002", "url": "http://8btc.com/thread-238877-1-3.html"}, {"name": " \u6211\u5fc5\u987b\u548c\u770b\u7a7a\u7684\u4eba\u8bf4\u53e5\u5927\u8bdd\uff012\u4e07\u7f8e\u91d1\u662f\u5e95", "url": "http://8btc.com/thread-239094-1-3.html"}, {"name": " \u5408\u7ea6\u5927\u4f6c\u5462\uff1f", "url": "http://8btc.com/thread-230464-1-3.html"}, {"name": " \u6bd4\u7279\u5e01\u5f88\u5feb\u5c06\u8dcc\u78345000\u7f8e\u91d1\uff0c4000\u80fd\u4e0d\u80fd\u5b88\u4f4f\u8fd8\u4e0d\u597d\u8bf4", "url": "http://8btc.com/thread-226146-1-3.html"}, {"name": " \u6709\u94fe\u65e0\u5e01\u771f\u7684\u884c\u5417\uff1f", "url": "http://8btc.com/thread-239124-1-3.html"}, {"name": " \u6bd4\u7279\u5e01\u4ee5\u524d\u662f\u9ed1\u5e02\u94fe\uff0c\u4ee5\u592a\u574a\u4ee5\u524d\u662f\u4f20\u9500\u94fe\uff0cEOS\u73b0\u5728\u662f ...", "url": "http://8btc.com/thread-239123-1-3.html"}, {"name": " \u5927\u5bb6\u542c\u8bf4\u8fc7\u4e4c\u9e26\u5e01\u5417\uff1f \u4e0a\u9c7c\u6c60\u4e86", "url": "http://8btc.com/thread-155015-1-3.html"}, {"name": " \u3010\u8bc4\u8bba\u70b9\u8d5e\u52065200TLC\u3011\u771f\u7231\u94fe\u7b2c\u4e00\u6ce2\u8d60\u5e01\u6d3b\u52a8", "url": "http://8btc.com/thread-238143-1-3.html"}, {"name": " 10.28\u6bd4\u7279\u5e01\u4ee5\u592a\u574a\u67da\u5b50\u884c\u60c5\u5206\u6790\u4ee5\u53ca\u64cd\u4f5c\u7b56\u7565", "url": "http://8btc.com/thread-239119-1-3.html"}, {"name": " \u8bf7\u6559blockchain \u627e\u96f6\u95ee\u9898", "url": "http://8btc.com/thread-67232-1-3.html"}, {"name": " \u5b89\u5c11\uff1a\u300a\u5e01\u5708\u6c11\u8c23\u300b \u200b\u200b\u200b\u200b", "url": "http://8btc.com/thread-239108-1-4.html"}, {"name": " Okex\u82f9\u679c\u624b\u673a\u53ef\u4ee5\u7528\u5417", "url": "http://8btc.com/thread-239086-1-4.html"}, {"name": " \u5c0f\u8d34\u58eb\uff1a\u5e01\u5b89\u4ea4\u6613\u6240", "url": "http://8btc.com/thread-239114-1-4.html"}, {"name": " \u65e0\u9650\u5e01\u6316\u77ff\u4e00\u5929\u6536\u76ca10000\u4e2aIFC", "url": "http://8btc.com/thread-237100-1-4.html"}, {"name": " \u674e\u7b11\u6765\u65b0\u4e66\uff1a\u300a\u97ed\u83dc\u7684\u81ea\u6211\u4fee\u517b\u300bpdf \u5b9e\u73b0\u8d22\u5bcc\u81ea\u7531\uff0c\u5199 ...", "url": "http://8btc.com/thread-225863-1-4.html"}, {"name": " \u4e24\u5929\u51855800\u89c1...", "url": "http://8btc.com/thread-239002-1-4.html"}, {"name": " \u725b\u5e02\u6765\u4e86\uff01", "url": "http://8btc.com/thread-239006-1-4.html"}, {"name": " \u5f53\u5e01\u5708\u4ece\u5171\u6709\u77e5\u8bc6\u53d8\u6210\u516c\u5171\u77e5\u8bc6", "url": "http://8btc.com/thread-238030-1-4.html"}, {"name": " \u6bd4\u7279\u5e01\u73b0\u4ef76506\u7f8e\u91d1    \u8dcc\u78346500\u7f8e\u91d1\u6982\u7387\u5f88\u5927.....", "url": "http://8btc.com/thread-239053-1-4.html"}, {"name": " \u6bd4\u7279\u5e01\u6a2a\u76d8\u6a2a\u5230\u6b7b\u53bb\u4e86", "url": "http://8btc.com/thread-238997-1-4.html"}, {"name": " \u6700\u65b0\u7684\u7a33\u5b9a\u5e01\uff1abtc\uff1f", "url": "http://8btc.com/thread-239031-1-4.html"}, {"name": " \u3010Cobra\uff1a\u4e0d\u53ef\u907f\u514dBTC\u5f88\u5feb\u5c06\u53d6\u4ee3\u7f8e\u5143\u6210\u4e3a\u4e16\u754c\u50a8\u5907\u8d27\u5e01 ...", "url": "http://8btc.com/thread-239104-1-4.html"}, {"name": " 1.6\u6e05\u4ed3\u7684btm\uff0c\u8fd8\u80fd\u52301.1\u5417\uff1f", "url": "http://8btc.com/thread-239099-1-4.html"}, {"name": " \u8bb0\u4e00\u573a\u5931\u8d25\u7684\u4ea4\u6613:\u6295\u8d44\u662f\u4e00\u573a\u7406\u6027\u4e0e\u6b32\u671b\u4e4b\u95f4\u7684\u6218\u4e89", "url": "http://8btc.com/thread-234348-1-4.html"}, {"name": " \u5927\u725b\u6ca1\u4e86\uff0c\u4e0d\u670d\u6765\u8fa9", "url": "http://8btc.com/thread-238840-1-4.html"}, {"name": " \u4e24\u5e74\u4e4b\u5185\u4e0d\u4f1a\u518d\u670917\u5e74\u7684\u884c\u60c5", "url": "http://8btc.com/thread-229227-1-4.html"}, {"name": " \u66b4\u8dcc\u6a21\u5f0f\u5f00\u542f", "url": "http://8btc.com/thread-239058-1-4.html"}, {"name": " \u5f31\u5f31\u7684\u95ee\u95ee\uff0c\u591a\u5c11\u4eba\u8ffd\u6da8\u4e86\uff0c", "url": "http://8btc.com/thread-236541-1-4.html"}, {"name": " \u8fd9\u4e2aEOS\u793e\u533a\u662f\u771f\u7684\u5417\uff1f", "url": "http://8btc.com/thread-238801-1-4.html"}, {"name": " \u5e0c\u671b\u5df4\u6bd4\u72792018\u5e74\u7684\u6210\u5458\u90fd\u80fd\u71ac\u5230\u4e0b\u4e2a\u725b\u5e02", "url": "http://8btc.com/thread-233963-1-4.html"}, {"name": " 10\u670827\u65e5\u6301\u4ed3100\u4e07FT\u7b2c\u4e09\u5341\u4e09\u5929", "url": "http://8btc.com/thread-238936-1-4.html"}, {"name": " \u6211\u534e\u4e3a\u624b\u673aP10\uff0c\u7528\u4ec0\u4e48EOS\u94b1\u5305\uff0c\u54ea\u91cc\u53ef\u4ee5\u4e0d\u7ffb\u5899\u4e0b\u8f7d\u94b1 ...", "url": "http://8btc.com/thread-239035-1-4.html"}, {"name": " PHX\u8fd9\u4e2a\u5e01\u4eca\u5929\u600e\u4e48\u6da8\u75af\u4e86\uff1f", "url": "http://8btc.com/thread-239070-1-4.html"}, {"name": " \u7ffb\u5e16\u5b50\u7684\u8001\u94c1\u4eec\uff0c\u5e74\u521d\u5230\u73b0\u5728\u672c\u91d1\u8fd8\u5269\u51e0\u6210\uff1f\uff1f", "url": "http://8btc.com/thread-239078-1-4.html"}, {"name": " \u8fd8\u6709\u673a\u4f1a\u5417\uff1f", "url": "http://8btc.com/thread-233797-1-4.html"}, {"name": " \u6211\u611f\u89c9\u771f\u7684\u662f\u8981\u7ad9\u77ed\u7ebf\u66f4\u8d5a\u4e86\u3002\u3002\u3002", "url": "http://8btc.com/thread-238053-1-4.html"}, {"name": " \u4e3a\u4ec0\u4e48ETC\u4f1a\u662f\u6700\u7ec8\u7a81\u78341000\u5200\uff0c\u6210\u4e3a2019\u5e74\u7684\u767e\u500d\u5e01", "url": "http://8btc.com/thread-238995-1-4.html"}, {"name": " \u4e0a\u5348\u573a\u5916\u6210\u4ea4\u884c\u60c5\uff1aBTC ETH\u4e0b\u8dcc \u8d77\u4f0f\u5f88\u5c0f", "url": "http://8btc.com/thread-239105-1-4.html"}, {"name": " ZB\u5c71\u5be8\u8822\u8822\u6b32\u52a8\uff0c\u5077\u5077\u62c9\u76d8\uff01", "url": "http://8btc.com/thread-238938-1-4.html"}, {"name": " \u6bd4\u7279\u5e01\u5c31\u662f\u6253\u7740\u65b0\u6280\u672f\u7684\u8d44\u91d1\u76d8\uff01\u4e0d\u670d\u6765\u8fa9\uff01", "url": "http://8btc.com/thread-238600-1-4.html"}, {"name": " anbi.com\u662f\u9a97\u5b50\uff0c\u8bf7\u5e01\u53cb\u4e0d\u8981\u4e0a\u5f53\uff01", "url": "http://8btc.com/thread-238904-1-4.html"}, {"name": " \u6025\uff01\u94f6\u884c\u5361\u88ab\u5f02\u5730\u5211\u8b66\u51bb\u7ed3\u6c42\u89e3\u51b3\u65b9\u6848\uff1f", "url": "http://8btc.com/thread-239085-1-4.html"}, {"name": " \u51fa\u6765\u804a\u804a\u56fd\u5e86\u90fd\u53bb\u54ea\u91cc\u73a9\u4e86", "url": "http://8btc.com/thread-230569-1-4.html"}, {"name": " \u6bd4\u7279\u5e01\u5728\u6b64\u4f4d\u7f6e\u5f3a\u52bf\u9707\u8361\uff0c\u540e\u9762\u4f60\u61c2\u5f97", "url": "http://8btc.com/thread-214804-1-4.html"}, {"name": " \u73b0\u5728\u771f\u6b63\u6709\u5f88\u591a\u4eba\u5728\u4f7f\u7528\u7684\u5e01\u79cd", "url": "http://8btc.com/thread-239088-1-4.html"}, {"name": " \u4ea4\u6613\u6240\u53cc\u5b57\u6bcd\u57df\u540d\u77e5\u591a\u5c11", "url": "http://8btc.com/thread-239025-1-4.html"}, {"name": " \u8fdc\u79bb\u5c71\u5be8\u5e01\uff01", "url": "http://8btc.com/thread-239071-1-4.html"}, {"name": " \u4e0d\u7528\u770b\u4e86\uff0c\u725b\u5e02\u65e0\u671f", "url": "http://8btc.com/thread-239042-1-4.html"}]